{"cameraMode":{"drawMode":0,"name":"Shaded","section":"Shading Mode"},"sceneLighting":false,"audioPlay":false,"sceneViewState":{"showFog":true,"showMaterialUpdate":false,"showSkybox":false,"showFlares":true,"showImageEffects":true,"showParticleSystems":true},"in2DMode":false,"pivot":{"x":24.799306869506837,"y":16.512529373168947,"z":31.290136337280275},"rotation":{"x":0.0010958339553326369,"y":0.9989057183265686,"z":-0.03478537127375603,"w":0.031462013721466067},"size":14.583417892456055,"orthographic":false}