{"cameraMode":{"drawMode":0,"name":"Shaded","section":"Shading Mode"},"sceneLighting":true,"audioPlay":false,"sceneViewState":{"showFog":true,"showMaterialUpdate":false,"showSkybox":true,"showFlares":true,"showImageEffects":true,"showParticleSystems":true},"in2DMode":false,"pivot":{"x":0.16562843322753907,"y":3.050307273864746,"z":0.3841278553009033},"rotation":{"x":-0.01862795650959015,"y":-0.6918813586235046,"z":0.017859866842627527,"w":-0.721561849117279},"size":9.221036911010743,"orthographic":true}